{
     "numberOfPopulations": 10,
    "source": "The Genome of Europe",
    "sourceReference": "https://genomeofeurope.eu/",
    "populations": [
        {
            "population": "EUR",
            "alleleFrequency": "AF_EUR",
            "alleleCount": "AC_EUR",
            "alleleCountHomozygous": "AC_Hom_EUR",
            "alleleCountHeterozygous": "AC_Het_EUR",
            "alleleCountHemizygous": "AC_Hemi_EUR",
            "alleleNumber": "AN_EUR"
        },
        {
            "population": "Total",
            "alleleFrequency": "AF",
            "alleleCount": "AC",
            "alleleCountHomozygous": "AC_Hom",
            "alleleCountHeterozygous": "AC_Het",
            "alleleCountHemizygous": "AC_Hemi",
            "alleleNumber": "AN"
        },
        {
            "population": "M",
            "alleleFrequency": "AF_M",
            "alleleCount": "AC_M",
            "alleleCountHomozygous": "AC_Hom_M",
            "alleleCountHeterozygous": "AC_Het_M",
            "alleleCountHemizygous": "AC_Hemi_M",
            "alleleNumber": "AN_M"
        },
        {
            "population": "EUR_M",
            "alleleFrequency": "AF_EUR_M",
            "alleleCount": "AC_EUR_M",
            "alleleCountHomozygous": "AC_Hom_EUR_M",
            "alleleCountHeterozygous": "AC_Het_EUR_M",
            "alleleCountHemizygous": "AC_Hemi_EUR_M",
            "alleleNumber": "AN_EUR_M"
        },
        {
            "population": "EAS",
            "alleleFrequency": "AF_EAS",
            "alleleCount": "AC_EAS",
            "alleleCountHomozygous": "AC_Hom_EAS",
            "alleleCountHeterozygous": "AC_Het_EAS",
            "alleleCountHemizygous": "AC_Hemi_EAS",
            "alleleNumber": "AN_EAS"
        },
        {
            "population": "EAS_M",
            "alleleFrequency": "AF_EAS_M",
            "alleleCount": "AC_EAS_M",
            "alleleCountHomozygous": "AC_Hom_EAS_M",
            "alleleCountHeterozygous": "AC_Het_EAS_M",
            "alleleCountHemizygous": "AC_Hemi_EAS_M",
            "alleleNumber": "AN_EAS_M"
        },
        {
            "population": "EAS_F",
            "alleleFrequency": "AF_EAS_F",
            "alleleCount": "AC_EAS_F",
            "alleleCountHomozygous": "AC_Hom_EAS_F",
            "alleleCountHeterozygous": "AC_Het_EAS_F",
            "alleleCountHemizygous": "AC_Hemi_EAS_F",
            "alleleNumber": "AN_EAS_F"
        },
        {
            "population": "F",
            "alleleFrequency": "AF_F",
            "alleleCount": "AC_F",
            "alleleCountHomozygous": "AC_Hom_F",
            "alleleCountHeterozygous": "AC_Het_F",
            "alleleCountHemizygous": "AC_Hemi_F",
            "alleleNumber": "AN_F"
        },
        {
            "population": "AFR",
            "alleleFrequency": "AF_AFR",
            "alleleCount": "AC_AFR",
            "alleleCountHomozygous": "AC_Hom_AFR",
            "alleleCountHeterozygous": "AC_Het_AFR",
            "alleleCountHemizygous": "AC_Hemi_AFR",
            "alleleNumber": "AN_AFR"
        },
        {
            "population": "AFR_F",
            "alleleFrequency": "AF_AFR_F",
            "alleleCount": "AC_AFR_F",
            "alleleCountHomozygous": "AC_Hom_AFR_F",
            "alleleCountHeterozygous": "AC_Het_AFR_F",
            "alleleCountHemizygous": "AC_Hemi_AFR_F",
            "alleleNumber": "AN_AFR_F"
        }
    ]
}
