{
     "numberOfPopulations": 10,
    "source": "The Genome of FIope",
    "sourceReference": "https://genomeofFIope.eu/",
    "populations": [
        {
            "population": "FI",
            "alleleFrequency": "AF_FI",
            "alleleCount": "AC_FI",
            "alleleCountHomozygous": "AC_Hom_FI",
            "alleleCountHeterozygous": "AC_Het_FI",
            "alleleCountHemizygous": "AC_Hemi_FI",
            "alleleNumber": "AN_FI"
        },
        {
            "population": "Total",
            "alleleFrequency": "AF",
            "alleleCount": "AC",
            "alleleCountHomozygous": "AC_Hom",
            "alleleCountHeterozygous": "AC_Het",
            "alleleCountHemizygous": "AC_Hemi",
            "alleleNumber": "AN"
        },
        {
            "population": "M",
            "alleleFrequency": "AF_M",
            "alleleCount": "AC_M",
            "alleleCountHomozygous": "AC_Hom_M",
            "alleleCountHeterozygous": "AC_Het_M",
            "alleleCountHemizygous": "AC_Hemi_M",
            "alleleNumber": "AN_M"
        },
        {
            "population": "FI_M",
            "alleleFrequency": "AF_FI_M",
            "alleleCount": "AC_FI_M",
            "alleleCountHomozygous": "AC_Hom_FI_M",
            "alleleCountHeterozygous": "AC_Het_FI_M",
            "alleleCountHemizygous": "AC_Hemi_FI_M",
            "alleleNumber": "AN_FI_M"
        },
        {
            "population": "ES",
            "alleleFrequency": "AF_ES",
            "alleleCount": "AC_ES",
            "alleleCountHomozygous": "AC_Hom_ES",
            "alleleCountHeterozygous": "AC_Het_ES",
            "alleleCountHemizygous": "AC_Hemi_ES",
            "alleleNumber": "AN_ES"
        },
        {
            "population": "ES_M",
            "alleleFrequency": "AF_ES_M",
            "alleleCount": "AC_ES_M",
            "alleleCountHomozygous": "AC_Hom_ES_M",
            "alleleCountHeterozygous": "AC_Het_ES_M",
            "alleleCountHemizygous": "AC_Hemi_ES_M",
            "alleleNumber": "AN_ES_M"
        },
        {
            "population": "ES_F",
            "alleleFrequency": "AF_ES_F",
            "alleleCount": "AC_ES_F",
            "alleleCountHomozygous": "AC_Hom_ES_F",
            "alleleCountHeterozygous": "AC_Het_ES_F",
            "alleleCountHemizygous": "AC_Hemi_ES_F",
            "alleleNumber": "AN_ES_F"
        },
        {
            "population": "F",
            "alleleFrequency": "AF_F",
            "alleleCount": "AC_F",
            "alleleCountHomozygous": "AC_Hom_F",
            "alleleCountHeterozygous": "AC_Het_F",
            "alleleCountHemizygous": "AC_Hemi_F",
            "alleleNumber": "AN_F"
        },
        {
            "population": "FR",
            "alleleFrequency": "AF_FR",
            "alleleCount": "AC_FR",
            "alleleCountHomozygous": "AC_Hom_FR",
            "alleleCountHeterozygous": "AC_Het_FR",
            "alleleCountHemizygous": "AC_Hemi_FR",
            "alleleNumber": "AN_FR"
        },
        {
            "population": "FR_F",
            "alleleFrequency": "AF_FR_F",
            "alleleCount": "AC_FR_F",
            "alleleCountHomozygous": "AC_Hom_FR_F",
            "alleleCountHeterozygous": "AC_Het_FR_F",
            "alleleCountHemizygous": "AC_Hemi_FR_F",
            "alleleNumber": "AN_FR_F"
        }
    ]
}
